<?xml version="1.0" encoding="UTF-8"?>
<project-private xmlns="http://www.netbeans.org/ns/project-private/1">
    <editor-bookmarks xmlns="http://www.netbeans.org/ns/editor-bookmarks/2" lastBookmarkId="0"/>
    <open-files xmlns="http://www.netbeans.org/ns/projectui-open-files/2">
        <group>
            <file>file:/C:/Users/Tatiana/Documents/Estudo/Mestrado/Tese/PRP%20HCPA%20%5B8%5D/Implementation/Instance%20Generator/Version%204/RandomInstances/src/random/Parameters.java</file>
            <file>file:/C:/Users/Tatiana/Documents/Estudo/Mestrado/Tese/PRP%20HCPA%20%5B8%5D/Implementation/Instance%20Generator/Version%204/RandomInstances/src/random/Main.java</file>
            <file>file:/C:/Users/Tatiana/Documents/Estudo/Mestrado/Tese/PRP%20HCPA%20%5B8%5D/Implementation/Instance%20Generator/Version%204/RandomInstances/src/random/ParamRandom.java</file>
        </group>
    </open-files>
</project-private>
